DELETE FROM RESENAENTITY;
DELETE FROM PAGOENTITY;
DELETE FROM DISPONIBILIDADENTITY;
DELETE FROM RESERVAENTITY;

DELETE FROM HABITACIONENTITY;
DELETE FROM VIVIENDAENTITY;

DELETE FROM ANFITRIONENTITY;
DELETE FROM VIAJEROENTITY;
DELETE FROM USUARIOENTITY;

insert into USUARIOENTITY ( DTYPE, imagen, nombre, contrasena, correoElectronico, tipoDocumento, numeroDocumento, direccion, telefono) values ('AnfitrionEntity', 'http://dummyimage.com/335x343.jpg/ff4444/ffffff', 'Lillian Fowler',  'oWuOQCWL', 'lfowler0@cdc.gov', 'Yabrūd', '6304028405010839248', '1627 Dryden Circle', '963-(515)512-6540');
insert into USUARIOENTITY ( DTYPE,imagen, nombre, contrasena, correoElectronico, tipoDocumento, numeroDocumento, direccion, telefono) values ('AnfitrionEntity', 'http://dummyimage.com/354x403.bmp/ff4444/ffffff', 'Debra Hart', 'UR874h', 'dhart1@delicious.com', 'Communal', '3562116852444239', '031 Norway Maple Court', '63-(434)680-2453');
insert into USUARIOENTITY (DTYPE, imagen, nombre, contrasena, correoElectronico, tipoDocumento, numeroDocumento, direccion, telefono) values ('AnfitrionEntity', 'http://dummyimage.com/470x322.bmp/ff4444/ffffff', 'Louise Gonzalez', 'NHtjqTsJUKc', 'lgonzalez2@hud.gov', 'Qaţanah', '201444903251970', '82207 Londonderry Hill', '970-(725)406-0730');
insert into USUARIOENTITY ( DTYPE,imagen, nombre, contrasena, correoElectronico, tipoDocumento, numeroDocumento, direccion, telefono) values ('AnfitrionEntity', 'http://dummyimage.com/324x458.png/ff4444/ffffff', 'Mark Myers', 'ifzvu471Eo', 'mmyers3@phpbb.com', 'Yayao', '3568639653907207', '52590 Kenwood Alley', '86-(728)554-5877');
insert into USUARIOENTITY ( DTYPE,imagen, nombre, contrasena, correoElectronico, tipoDocumento, numeroDocumento, direccion, telefono) values ( 'AnfitrionEntity','http://dummyimage.com/362x358.png/cc0000/ffffff', 'Paul Chavez', 'Ikso4naCu', 'pchavez4@unblog.fr', 'San Francisco', '5602225908015167704', '67982 Corben Center', '57-(185)300-4046');
insert into USUARIOENTITY ( DTYPE,imagen, nombre, contrasena, correoElectronico, tipoDocumento, numeroDocumento, direccion, telefono) values ('AnfitrionEntity', 'http://dummyimage.com/385x495.jpg/5fa2dd/ffffff', 'Wayne Ray', 'Cku7MTzoeH8', 'wray5@harvard.edu', 'Wa’erma', '6761651854368232164', '3 Talisman Lane', '86-(288)148-3859');
insert into USUARIOENTITY ( DTYPE,imagen, nombre, contrasena, correoElectronico, tipoDocumento, numeroDocumento, direccion, telefono) values ('AnfitrionEntity', 'http://dummyimage.com/481x449.bmp/cc0000/ffffff', 'Mark Jenkins', '5e9bBcYgv2H', 'mjenkins6@baidu.com', 'Malaga', '3538706262817916', '7832 Longview Place', '34-(775)566-5151');
insert into USUARIOENTITY ( DTYPE,imagen, nombre, contrasena, correoElectronico, tipoDocumento, numeroDocumento, direccion, telefono) values ('AnfitrionEntity', 'http://dummyimage.com/447x401.jpg/ff4444/ffffff', 'Carlos Reed', 'sd5lUwHi', 'creed7@mashable.com', 'Petro-Slavyanka', '3553738888347382', '561 Morrow Plaza', '7-(978)151-9092');
insert into USUARIOENTITY ( DTYPE,imagen, nombre, contrasena, correoElectronico, tipoDocumento, numeroDocumento, direccion, telefono) values ('AnfitrionEntity', 'http://dummyimage.com/360x329.bmp/ff4444/ffffff', 'Christina Weaver', 'lVoxghA5C3V', 'cweaver8@etsy.com', 'Qingjiang', '3538038523109457', '84212 Granby Drive', '86-(258)101-8330');
insert into USUARIOENTITY ( DTYPE,imagen, nombre, contrasena, correoElectronico, tipoDocumento, numeroDocumento, direccion, telefono) values ('AnfitrionEntity', 'http://dummyimage.com/438x398.bmp/ff4444/ffffff', 'Bobby Oliver', 'Nl0liKtKEbx', 'boliver9@noaa.gov', 'Kastsyukovichy', '3541323931758334', '42 Talisman Circle', '375-(958)948-7908');
insert into USUARIOENTITY ( DTYPE,imagen, nombre, contrasena, correoElectronico, tipoDocumento, numeroDocumento, direccion, telefono) values ('AnfitrionEntity', 'http://dummyimage.com/322x493.png/dddddd/000000', 'Earl Meyer', 'OKjaD9jK', 'emeyera@bbb.org', 'Portariá', '3557906970146600', '05124 Katie Court', '30-(374)799-4907');
insert into USUARIOENTITY ( DTYPE,imagen, nombre, contrasena, correoElectronico, tipoDocumento, numeroDocumento, direccion, telefono) values ('AnfitrionEntity', 'http://dummyimage.com/383x404.bmp/dddddd/000000', 'Christopher James', 'kRRazMo', 'cjamesb@simplemachines.org', 'Rentung', '5602249140962881', '5 Eastlawn Place', '62-(188)320-3896');
insert into USUARIOENTITY ( DTYPE,imagen, nombre, contrasena, correoElectronico, tipoDocumento, numeroDocumento, direccion, telefono) values ('AnfitrionEntity', 'http://dummyimage.com/405x370.bmp/dddddd/000000', 'Chris Howard', 'D22oYaYgQoDX', 'chowardc@vimeo.com', 'Grand Junction', '3557107518141597', '17 Petterle Drive', '1-(970)407-2663');
insert into USUARIOENTITY ( DTYPE,imagen, nombre, contrasena, correoElectronico, tipoDocumento, numeroDocumento, direccion, telefono) values ('AnfitrionEntity', 'http://dummyimage.com/441x459.bmp/dddddd/000000', 'Donald Little', 'hcuknUCn7ED', 'dlittled@purevolume.com', 'Sharïngol', '3547466021230872', '26 Arizona Avenue', '976-(887)534-8160');
insert into USUARIOENTITY ( DTYPE,imagen, nombre, contrasena, correoElectronico, tipoDocumento, numeroDocumento, direccion, telefono) values ('AnfitrionEntity', 'http://dummyimage.com/303x414.jpg/5fa2dd/ffffff','Donald Hanson', 'EO8rEWqQri', 'dhansone@jalbum.net', 'Tanda', '67094227250948598', '0 Ruskin Street', '225-(290)301-4945');

insert into ANFITRIONENTITY (idUsuario) values (1);
insert into ANFITRIONENTITY (idUsuario) values (2);
insert into ANFITRIONENTITY (idUsuario) values (3);
insert into ANFITRIONENTITY (idUsuario) values (4);
insert into ANFITRIONENTITY (idUsuario) values (5);
insert into ANFITRIONENTITY (idUsuario) values (6);
insert into ANFITRIONENTITY (idUsuario) values (7);
insert into ANFITRIONENTITY (idUsuario) values (8);
insert into ANFITRIONENTITY (idUsuario) values (9);
insert into ANFITRIONENTITY (idUsuario) values (10);
insert into ANFITRIONENTITY (idUsuario) values (11);
insert into ANFITRIONENTITY (idUsuario) values (12);
insert into ANFITRIONENTITY (idUsuario) values (13);
insert into ANFITRIONENTITY (idUsuario) values (14);
insert into ANFITRIONENTITY (idUsuario) values (15);

insert into USUARIOENTITY (idUsuario, DTYPE, imagen, nombre, contrasena, correoElectronico, tipoDocumento, numeroDocumento, direccion, telefono) values (16, 'ViajeroEntity', 'https://dummyimage.com/300x300.png/0784D1/ffffff', 'Ann Allen', 'DzApSZ', 'aallen0@issuu.com', 'Somali', '124.178.46.174/21', '6139 Commercial Alley', '86-(382)343-1629');
insert into USUARIOENTITY (idUsuario, DTYPE, imagen, nombre, contrasena, correoElectronico, tipoDocumento, numeroDocumento, direccion, telefono) values (17, 'ViajeroEntity', 'https://dummyimage.com/300x300.png/0784D1/ffffff', 'Ronald Garcia', 'M8n6A0l8', 'rgarcia1@reddit.com', 'Croatian', '72.117.234.230/14', '15 Rutledge Circle', '52-(354)224-5541');
insert into USUARIOENTITY (idUsuario, DTYPE, imagen, nombre, contrasena, correoElectronico, tipoDocumento, numeroDocumento, direccion, telefono) values (18, 'ViajeroEntity', 'https://dummyimage.com/300x300.png/0784D1/ffffff', 'Kathleen Martin', '6tGeMej8Mrz', 'kmartin2@constantcontact.com', 'Romanian', '179.98.253.176/16', '81959 Algoma Center', '7-(356)747-8143');
insert into USUARIOENTITY (idUsuario, DTYPE, imagen, nombre, contrasena, correoElectronico, tipoDocumento, numeroDocumento, direccion, telefono) values (19, 'ViajeroEntity', 'https://dummyimage.com/300x300.png/0784D1/ffffff', 'Wanda Martin', 'CSkMGuO3X0Tm', 'wmartin3@hexun.com', 'Dutch', '153.30.10.114/20', '28272 Westport Lane', '351-(747)198-6877');
insert into USUARIOENTITY (idUsuario, DTYPE, imagen, nombre, contrasena, correoElectronico, tipoDocumento, numeroDocumento, direccion, telefono) values (20, 'ViajeroEntity', 'https://dummyimage.com/300x300.png/0784D1/ffffff', 'Charles Wilson', 'sdzcX5', 'cwilson4@seattletimes.com', 'Fijian', '3.142.245.193/6', '4 Charing Cross Park', '55-(752)446-0200');
insert into USUARIOENTITY (idUsuario, DTYPE, imagen, nombre, contrasena, correoElectronico, tipoDocumento, numeroDocumento, direccion, telefono) values (21, 'ViajeroEntity', 'https://dummyimage.com/300x300.png/0784D1/ffffff', 'Michelle West', 'SqNHdkg', 'mwest5@weibo.com', 'Maltese', '207.91.104.3/23', '66804 Dottie Court', '976-(408)349-5550');
insert into USUARIOENTITY (idUsuario, DTYPE, imagen, nombre, contrasena, correoElectronico, tipoDocumento, numeroDocumento, direccion, telefono) values (22, 'ViajeroEntity', 'https://dummyimage.com/300x300.png/0784D1/ffffff', 'Harold Cruz', 'potrC84tyoy', 'hcruz6@globo.com', 'Gujarati', '90.182.251.106/25', '5 Namekagon Junction', '218-(474)237-3134');
insert into USUARIOENTITY (idUsuario, DTYPE, imagen, nombre, contrasena, correoElectronico, tipoDocumento, numeroDocumento, direccion, telefono) values (23, 'ViajeroEntity', 'https://dummyimage.com/300x300.png/0784D1/ffffff', 'David Taylor', 'YoTWJJKj2AI', 'dtaylor7@washingtonpost.com', 'Norwegian', '75.12.97.25/26', '3828 Pleasure Point', '966-(356)202-6682');
insert into USUARIOENTITY (idUsuario, DTYPE, imagen, nombre, contrasena, correoElectronico, tipoDocumento, numeroDocumento, direccion, telefono) values (24, 'ViajeroEntity', 'https://dummyimage.com/300x300.png/0784D1/ffffff', 'Jean Gonzales', 'e1YNwi1', 'jgonzales8@merriam-webster.com', 'Dzongkha', '172.202.13.166/26', '6 Golf Court', '86-(581)481-9549');
insert into USUARIOENTITY (idUsuario, DTYPE, imagen, nombre, contrasena, correoElectronico, tipoDocumento, numeroDocumento, direccion, telefono) values (25, 'ViajeroEntity', 'https://dummyimage.com/300x300.png/0784D1/ffffff', 'Rose Carter', 'CzGwjS', 'rcarter9@i2i.jp', 'Malay', '249.214.92.201/23', '6000 Morningstar Trail', '52-(729)848-7891');
insert into USUARIOENTITY (idUsuario, DTYPE, imagen, nombre, contrasena, correoElectronico, tipoDocumento, numeroDocumento, direccion, telefono) values (26, 'ViajeroEntity', 'https://dummyimage.com/300x300.png/0784D1/ffffff', 'Kathy Thomas', 'sQy2Wx6rln', 'kthomasa@desdev.cn', 'Hindi', '82.40.64.43/28', '7 Jackson Court', '351-(817)598-9188');
insert into USUARIOENTITY (idUsuario, DTYPE, imagen, nombre, contrasena, correoElectronico, tipoDocumento, numeroDocumento, direccion, telefono) values (27, 'ViajeroEntity', 'https://dummyimage.com/300x300.png/0784D1/ffffff', 'Joshua Powell', '3Wzbydj', 'jpowellb@bizjournals.com', 'Irish Gaelic', '225.15.55.17/10', '53 Lawn Court', '352-(184)346-4029');
insert into USUARIOENTITY (idUsuario, DTYPE, imagen, nombre, contrasena, correoElectronico, tipoDocumento, numeroDocumento, direccion, telefono) values (28, 'ViajeroEntity', 'https://dummyimage.com/300x300.png/0784D1/ffffff', 'Charles Morgan', 'BRQeQi1vC', 'cmorganc@yale.edu', 'Danish', '169.44.198.220/14', '3 Moose Circle', '33-(774)781-5016');
insert into USUARIOENTITY (idUsuario, DTYPE, imagen, nombre, contrasena, correoElectronico, tipoDocumento, numeroDocumento, direccion, telefono) values (29, 'ViajeroEntity', 'https://dummyimage.com/300x300.png/0784D1/ffffff', 'Shawn Stephens', 'oEPgKoilMt', 'sstephensd@netscape.com', 'Pashto', '6.169.235.206/9', '6513 Summit Point', '57-(558)369-3046');
insert into USUARIOENTITY (idUsuario, DTYPE, imagen, nombre, contrasena, correoElectronico, tipoDocumento, numeroDocumento, direccion, telefono) values (30, 'ViajeroEntity', 'https://dummyimage.com/300x300.png/0784D1/ffffff', 'Benjamin Garza', 'eM8YgOSaZz', 'bgarzae@eepurl.com', 'Tsonga', '65.97.98.167/5', '6 Debra Junction', '33-(627)893-3087');
insert into VIAJEROENTITY (idUsuario) values (16);
insert into VIAJEROENTITY (idUsuario) values (17);
insert into VIAJEROENTITY (idUsuario) values (18);
insert into VIAJEROENTITY (idUsuario) values (19);
insert into VIAJEROENTITY (idUsuario) values (20);
insert into VIAJEROENTITY (idUsuario) values (21);
insert into VIAJEROENTITY (idUsuario) values (22);
insert into VIAJEROENTITY (idUsuario) values (23);
insert into VIAJEROENTITY (idUsuario) values (24);
insert into VIAJEROENTITY (idUsuario) values (25);
insert into VIAJEROENTITY (idUsuario) values (26);
insert into VIAJEROENTITY (idUsuario) values (27);
insert into VIAJEROENTITY (idUsuario) values (28);
insert into VIAJEROENTITY (idUsuario) values (29);
insert into VIAJEROENTITY (idUsuario) values (30);

insert into VIVIENDAENTITY (id, ciudad, direccion, rutaImagen,ANFITRION_IDUSUARIO) values (1, 'Wangcun', '65927 Michigan Alley', 'http://dummyimage.com/101x150.bmp/dddddd/000000',1);
insert into VIVIENDAENTITY (id, ciudad, direccion, rutaImagen,ANFITRION_IDUSUARIO) values (2, 'Rizokárpaso', '82 Shoshone Alley', 'http://dummyimage.com/242x139.jpg/dddddd/000000',2);
insert into VIVIENDAENTITY (id, ciudad, direccion, rutaImagen,ANFITRION_IDUSUARIO) values (3, 'Vingåker', '069 Green Ridge Parkway', 'http://dummyimage.com/221x146.bmp/ff4444/ffffff',3);
insert into VIVIENDAENTITY (id, ciudad, direccion, rutaImagen,ANFITRION_IDUSUARIO) values (4, 'Karobokan', '40 4th Hill', 'http://dummyimage.com/160x234.png/ff4444/ffffff',4);
insert into VIVIENDAENTITY (id, ciudad, direccion, rutaImagen,ANFITRION_IDUSUARIO) values (5, 'Khorostkiv', '4351 Hovde Lane', 'http://dummyimage.com/176x223.jpg/cc0000/ffffff',5);
insert into VIVIENDAENTITY (id, ciudad, direccion, rutaImagen,ANFITRION_IDUSUARIO) values (6, 'União', '774 Coleman Hill', 'http://dummyimage.com/143x225.jpg/5fa2dd/ffffff',6);
insert into VIVIENDAENTITY (id, ciudad, direccion, rutaImagen,ANFITRION_IDUSUARIO) values (7, 'Cilolongokan', '88904 Thierer Circle', 'http://dummyimage.com/140x169.png/ff4444/ffffff',7);
insert into VIVIENDAENTITY (id, ciudad, direccion, rutaImagen,ANFITRION_IDUSUARIO) values (8, 'Mabini', '79 Towne Center', 'http://dummyimage.com/154x221.bmp/dddddd/000000',8);
insert into VIVIENDAENTITY (id, ciudad, direccion, rutaImagen,ANFITRION_IDUSUARIO) values (9, 'Turirejo', '34126 8th Hill', 'http://dummyimage.com/241x124.jpg/cc0000/ffffff',9);
insert into VIVIENDAENTITY (id, ciudad, direccion, rutaImagen,ANFITRION_IDUSUARIO) values (10, 'Palmar de Varela', '4482 Drewry Trail', 'http://dummyimage.com/136x238.bmp/5fa2dd/ffffff',10);
insert into VIVIENDAENTITY (id, ciudad, direccion, rutaImagen,ANFITRION_IDUSUARIO) values (11, 'Yuanjue', '00732 Armistice Hill', 'http://dummyimage.com/186x230.png/cc0000/ffffff',11);
insert into VIVIENDAENTITY (id, ciudad, direccion, rutaImagen,ANFITRION_IDUSUARIO) values (12, 'Sukhinichi', '20 Rigney Road', 'http://dummyimage.com/146x147.jpg/cc0000/ffffff',12);
insert into VIVIENDAENTITY (id, ciudad, direccion, rutaImagen,ANFITRION_IDUSUARIO) values (13, 'Alqueva', '37 Maryland Plaza', 'http://dummyimage.com/112x174.jpg/cc0000/ffffff',13);
insert into VIVIENDAENTITY (id, ciudad, direccion, rutaImagen,ANFITRION_IDUSUARIO) values (14, 'Takikawa', '7 Carey Parkway', 'http://dummyimage.com/142x172.png/5fa2dd/ffffff',14);
insert into VIVIENDAENTITY (id, ciudad, direccion, rutaImagen,ANFITRION_IDUSUARIO) values (15, 'Talitsy', '8 Schurz Park', 'http://dummyimage.com/216x192.bmp/5fa2dd/ffffff',15);

INSERT INTO HABITACIONENTITY (id, area, descripcion, rutaImagen, valorAlquiler, capacidad, vivienda_id) VALUES (1, 35.9, 'Leptospiral infect NEC', 'http://dummyimage.com/116x208.jpg/5fa2dd/ffffff', 28.47, 2, 1);
INSERT INTO HABITACIONENTITY (id, area, descripcion, rutaImagen, valorAlquiler, capacidad, vivienda_id) VALUES (2, 31.86, 'Forearm deformity NEC', 'http://dummyimage.com/191x110.png/ff4444/ffffff', 39.35, 10, 2  );
INSERT INTO HABITACIONENTITY (id, area, descripcion, rutaImagen, valorAlquiler, capacidad, vivienda_id) VALUES (3,21.21, 'Low birthwt 1500-1999g', 'http://dummyimage.com/167x166.png/dddddd/000000', 13.07, 10, 3 );
INSERT INTO HABITACIONENTITY (id, area, descripcion, rutaImagen, valorAlquiler, capacidad, vivienda_id) VALUES (4, 22.59, 'Spina bifida', 'http://dummyimage.com/123x216.bmp/ff4444/ffffff', 31.27, 5, 4);
INSERT INTO HABITACIONENTITY (id, area, descripcion, rutaImagen, valorAlquiler, capacidad, vivienda_id) VALUES (5, 18.79, 'Corneal grft malfunction', 'http://dummyimage.com/120x160.jpg/5fa2dd/ffffff', 35.16,6 , 5);
INSERT INTO HABITACIONENTITY (id, area, descripcion, rutaImagen, valorAlquiler, capacidad, vivienda_id) VALUES (6, 38.47, 'Fx clavicle shaft-open', 'http://dummyimage.com/148x166.png/cc0000/ffffff', 12.94, 2, 6);
INSERT INTO HABITACIONENTITY (id, area, descripcion, rutaImagen, valorAlquiler, capacidad, vivienda_id) VALUES (7, 37.6, 'Amniotic embolism-deliv', 'http://dummyimage.com/222x142.jpg/dddddd/000000', 34.04, 2, 7  );
INSERT INTO HABITACIONENTITY (id, area, descripcion, rutaImagen, valorAlquiler, capacidad, vivienda_id) VALUES (8, 27.5, 'Pois-skin/membr agnt NEC', 'http://dummyimage.com/177x134.bmp/cc0000/ffffff', 29.89, 5, 8);
INSERT INTO HABITACIONENTITY (id, area, descripcion, rutaImagen, valorAlquiler, capacidad, vivienda_id) VALUES (9, 29.12, 'Tenosynov hand/wrist NEC', 'http://dummyimage.com/194x110.bmp/dddddd/000000', 27.79, 6, 9  );
INSERT INTO HABITACIONENTITY (id, area, descripcion, rutaImagen, valorAlquiler, capacidad, vivienda_id) VALUES (10, 19.22, 'Opn skul vlt fx w/o coma', 'http://dummyimage.com/222x119.jpg/cc0000/ffffff', 23.24, 8, 10);
INSERT INTO HABITACIONENTITY (id, area, descripcion, rutaImagen, valorAlquiler, capacidad, vivienda_id) VALUES (11, 49.78, 'Ac uterine inflammation', 'http://dummyimage.com/199x130.jpg/cc0000/ffffff', 39.10, 3, 11 );
INSERT INTO HABITACIONENTITY (id, area, descripcion, rutaImagen, valorAlquiler, capacidad, vivienda_id) VALUES (12, 16.66, 'Acute canaliculitis', 'http://dummyimage.com/244x225.bmp/5fa2dd/ffffff', 26.12, 4, 12  );
INSERT INTO HABITACIONENTITY (id, area, descripcion, rutaImagen, valorAlquiler, capacidad, vivienda_id) VALUES (13, 10.05, 'Status amput hand', 'http://dummyimage.com/144x163.bmp/ff4444/ffffff', 39.19, 7, 13  );
INSERT INTO HABITACIONENTITY (id, area, descripcion, rutaImagen, valorAlquiler, capacidad, vivienda_id) VALUES (14, 27.58, 'Chr iridocyl in oth dis', 'http://dummyimage.com/121x105.bmp/dddddd/000000', 33.54, 9, 14  );
INSERT INTO HABITACIONENTITY (id, area, descripcion, rutaImagen, valorAlquiler, capacidad, vivienda_id) VALUES (15, 40.94, 'Pois-sedative/hypnot NEC', 'http://dummyimage.com/112x209.png/dddddd/000000', 23.72, 2, 15 );


INSERT INTO RESERVAENTITY(ID, CANCELADO, FECHAINICIO, FECHATERMINACION, PRECIO, ANFITRION_IDUSUARIO, HABITACION_ID, VIAJERO_IDUSUARIO) VALUES (1,0,'2016-04-21 11:40:34','2016-07-10 16:22:59',22,15,1,16);
INSERT INTO RESERVAENTITY(ID, CANCELADO, FECHAINICIO, FECHATERMINACION, PRECIO, ANFITRION_IDUSUARIO, HABITACION_ID, VIAJERO_IDUSUARIO) VALUES (2,0, '2016-06-02 01:34:12','2016-08-11 11:31:17',95,2,2,16);
INSERT INTO RESERVAENTITY(ID, CANCELADO, FECHAINICIO, FECHATERMINACION, PRECIO, ANFITRION_IDUSUARIO, HABITACION_ID, VIAJERO_IDUSUARIO) VALUES (3,0,'2016-05-05 13:28:09','2016-07-18 09:36:26',47,2,3,17);
INSERT INTO RESERVAENTITY(ID, CANCELADO, FECHAINICIO, FECHATERMINACION, PRECIO, ANFITRION_IDUSUARIO, HABITACION_ID, VIAJERO_IDUSUARIO) VALUES (4,0,'2016-06-18 19:35:06','2016-07-12 22:20:51',48,3,4,18);
INSERT INTO RESERVAENTITY(ID, CANCELADO, FECHAINICIO, FECHATERMINACION, PRECIO, ANFITRION_IDUSUARIO, HABITACION_ID, VIAJERO_IDUSUARIO) VALUES (5,0,'2016-04-28 03:44:21','2016-08-09 19:21:48',81,4,5,18);
INSERT INTO RESERVAENTITY(ID, CANCELADO, FECHAINICIO, FECHATERMINACION, PRECIO, ANFITRION_IDUSUARIO, HABITACION_ID, VIAJERO_IDUSUARIO) VALUES (6,0,'2016-05-21 11:47:35','2016-08-04 18:46:49',95, 4,6,19);
INSERT INTO RESERVAENTITY(ID, CANCELADO, FECHAINICIO, FECHATERMINACION, PRECIO, ANFITRION_IDUSUARIO, HABITACION_ID, VIAJERO_IDUSUARIO) VALUES (7,0,'2016-05-11 07:03:32','2016-08-18 03:11:32',15,5,7,19);
INSERT INTO RESERVAENTITY(ID, CANCELADO, FECHAINICIO, FECHATERMINACION, PRECIO, ANFITRION_IDUSUARIO, HABITACION_ID, VIAJERO_IDUSUARIO) VALUES (8,1,'2016-05-01 10:35:05','2016-08-07 12:38:11',69,6,8,20);
INSERT INTO RESERVAENTITY(ID, CANCELADO, FECHAINICIO, FECHATERMINACION, PRECIO, ANFITRION_IDUSUARIO, HABITACION_ID, VIAJERO_IDUSUARIO) VALUES (9,1,'2016-06-01 13:16:56','2016-08-09 14:08:24',17,6,9,21);
INSERT INTO RESERVAENTITY(ID, CANCELADO, FECHAINICIO, FECHATERMINACION, PRECIO, ANFITRION_IDUSUARIO, HABITACION_ID, VIAJERO_IDUSUARIO) VALUES (10,0,'2016-06-03 14:43:58','2016-07-31 18:37:32',70,7,10,22);
INSERT INTO RESERVAENTITY(ID, CANCELADO, FECHAINICIO, FECHATERMINACION, PRECIO, ANFITRION_IDUSUARIO, HABITACION_ID, VIAJERO_IDUSUARIO) VALUES (11,1,'2016-05-05 01:21:34','2016-07-10 08:10:20',59,8,11,23);
INSERT INTO RESERVAENTITY(ID, CANCELADO, FECHAINICIO, FECHATERMINACION, PRECIO, ANFITRION_IDUSUARIO, HABITACION_ID, VIAJERO_IDUSUARIO) VALUES (12,1,'2016-04-25 10:23:44','2016-07-07 23:04:21',6,9,12,24);
INSERT INTO RESERVAENTITY(ID, CANCELADO, FECHAINICIO, FECHATERMINACION, PRECIO, ANFITRION_IDUSUARIO, HABITACION_ID, VIAJERO_IDUSUARIO) VALUES (13,0,'2016-04-26 04:43:09','2016-07-05 02:42:28',27,10,13,25);
INSERT INTO RESERVAENTITY(ID, CANCELADO, FECHAINICIO, FECHATERMINACION, PRECIO, ANFITRION_IDUSUARIO, HABITACION_ID, VIAJERO_IDUSUARIO) VALUES (14,0,'2016-04-21 12:06:25','2016-07-04 10:30:27',71,11,14,26);
INSERT INTO RESERVAENTITY(ID, CANCELADO, FECHAINICIO, FECHATERMINACION, PRECIO, ANFITRION_IDUSUARIO, HABITACION_ID, VIAJERO_IDUSUARIO) VALUES (15,0,'2016-06-10 18:18:40','2016-06-30 05:53:51',95,11,15,27);



INSERT INTO DISPONIBILIDADENTITY (id, fechaInicioEstadia, fechaTerminacionEstadia, habitacion_id) VALUES (1, '2016-08-10 18:42:07', '2016-09-26 00:57:00', 1);
INSERT INTO DISPONIBILIDADENTITY (id, fechaInicioEstadia, fechaTerminacionEstadia, habitacion_id) VALUES (2, '2016-05-23 12:53:41', '2016-07-25 09:25:16', 2);
INSERT INTO DISPONIBILIDADENTITY (id, fechaInicioEstadia, fechaTerminacionEstadia, habitacion_id) VALUES (3, '2016-10-20 07:18:05', '2016-11-18 12:24:10', 3);
INSERT INTO DISPONIBILIDADENTITY (id, fechaInicioEstadia, fechaTerminacionEstadia, habitacion_id) VALUES (4, '2016-11-09 21:16:19', '2017-03-31 03:11:04', 4);
INSERT INTO DISPONIBILIDADENTITY (id, fechaInicioEstadia, fechaTerminacionEstadia, habitacion_id) VALUES (5, '2016-09-15 18:45:23', '2016-10-01 22:31:27', 5);
INSERT INTO DISPONIBILIDADENTITY (id, fechaInicioEstadia, fechaTerminacionEstadia, habitacion_id) VALUES (6, '2016-05-26 19:14:56', '2016-08-07 07:07:01', 6);
INSERT INTO DISPONIBILIDADENTITY (id, fechaInicioEstadia, fechaTerminacionEstadia, habitacion_id) VALUES (7, '2016-06-13 14:30:50', '2017-01-11 04:14:01', 7);
INSERT INTO DISPONIBILIDADENTITY (id, fechaInicioEstadia, fechaTerminacionEstadia, habitacion_id) VALUES (8, '2016-10-16 01:56:55', '2016-10-31 08:11:42', 8);
INSERT INTO DISPONIBILIDADENTITY (id, fechaInicioEstadia, fechaTerminacionEstadia, habitacion_id) VALUES (9, '2016-06-08 12:51:38', '2017-03-07 08:58:34', 9);
INSERT INTO DISPONIBILIDADENTITY (id, fechaInicioEstadia, fechaTerminacionEstadia, habitacion_id) VALUES (10, '2016-06-16 03:27:59', '2016-10-24 15:16:24', 10);
INSERT INTO DISPONIBILIDADENTITY (id, fechaInicioEstadia, fechaTerminacionEstadia, habitacion_id) VALUES (11, '2016-09-19 13:49:07', '2016-10-26 03:55:54', 11);
INSERT INTO DISPONIBILIDADENTITY (id, fechaInicioEstadia, fechaTerminacionEstadia, habitacion_id) VALUES (12, '2016-07-30 18:34:06', '2016-11-08 09:32:48', 12);
INSERT INTO DISPONIBILIDADENTITY (id, fechaInicioEstadia, fechaTerminacionEstadia, habitacion_id) VALUES (13, '2016-05-26 14:19:18', '2017-01-11 04:29:14', 13);
INSERT INTO DISPONIBILIDADENTITY (id, fechaInicioEstadia, fechaTerminacionEstadia, habitacion_id) VALUES (14, '2016-06-12 04:17:26', '2016-09-15 14:23:23', 14);
INSERT INTO DISPONIBILIDADENTITY (id, fechaInicioEstadia, fechaTerminacionEstadia, habitacion_id) VALUES (15, '2016-05-01 12:43:43', '2016-07-05 07:29:51', 15);

insert into PAGOENTITY (id, fechaDePago, pago, tipoTramite, RESERVA_ID) values (1, '2016-05-02', 8, 'aliquet ultrices erat tortor sollicitudin mi sit amet lobortis sapien',1);
insert into PAGOENTITY (id, fechaDePago, pago, tipoTramite, RESERVA_ID) values (2, '2016-06-30', 30, 'elit ac nulla sed vel enim sit amet nunc viverra dapibus nulla suscipit ligula in',2);
insert into PAGOENTITY (id, fechaDePago, pago, tipoTramite, RESERVA_ID) values (3, '2016-06-06', 59, 'justo in hac habitasse platea dictumst etiam faucibus cursus urna ut tellus nulla ut erat id mauris',3);
insert into PAGOENTITY (id, fechaDePago, pago, tipoTramite, RESERVA_ID) values (4, '2016-12-22', 76, 'nullam varius nulla facilisi cras non velit nec nisi vulputate nonummy maecenas tincidunt lacus at velit',4);
insert into PAGOENTITY (id, fechaDePago, pago, tipoTramite, RESERVA_ID) values (5, '2016-05-31', 39, 'ac est lacinia nisi venenatis tristique fusce congue diam id ornare',5);
insert into PAGOENTITY (id, fechaDePago, pago, tipoTramite, RESERVA_ID) values (6, '2016-12-29', 6, 'commodo placerat praesent blandit nam nulla integer pede justo lacinia eget tincidunt eget tempus vel',6);
insert into PAGOENTITY (id, fechaDePago, pago, tipoTramite, RESERVA_ID) values (7, '2017-02-24', 94, 'imperdiet sapien urna pretium nisl ut volutpat sapien arcu sed augue aliquam erat volutpat in congue etiam justo',7);
insert into PAGOENTITY (id, fechaDePago, pago, tipoTramite, RESERVA_ID) values (8, '2016-07-08', 74, 'ipsum ac tellus semper interdum mauris ullamcorper purus sit amet nulla quisque arcu libero rutrum ac lobortis vel dapibus',8);
insert into PAGOENTITY (id, fechaDePago, pago, tipoTramite, RESERVA_ID) values (9, '2016-07-11', 29, 'odio cras mi pede malesuada in imperdiet et commodo vulputate',9);
insert into PAGOENTITY (id, fechaDePago, pago, tipoTramite, RESERVA_ID) values (10, '2016-12-20', 78, 'pellentesque quisque porta volutpat erat quisque erat eros viverra eget congue',10);
insert into PAGOENTITY (id, fechaDePago, pago, tipoTramite, RESERVA_ID) values (11, '2016-10-20', 82, 'pede venenatis non sodales sed tincidunt eu felis fusce posuere felis sed lacus morbi sem mauris laoreet ut rhoncus',11);
insert into PAGOENTITY (id, fechaDePago, pago, tipoTramite, RESERVA_ID) values (12, '2016-05-06', 50, 'arcu libero rutrum ac lobortis vel dapibus at diam nam tristique tortor eu pede',12);
insert into PAGOENTITY (id, fechaDePago, pago, tipoTramite, RESERVA_ID) values (13, '2016-10-06', 30, 'porttitor lacus at turpis donec posuere metus vitae ipsum aliquam non',13);
insert into PAGOENTITY (id, fechaDePago, pago, tipoTramite, RESERVA_ID) values (14, '2017-01-16', 92, 'risus semper porta volutpat quam pede lobortis ligula sit amet eleifend pede libero',14);
insert into PAGOENTITY (id, fechaDePago, pago, tipoTramite, RESERVA_ID) values (15, '2016-05-28', 77, 'mauris sit amet eros suspendisse accumsan tortor quis turpis sed',15);

insert into RESENAENTITY (id, CALIFICACION, COMENTARIO, HABITACION_ID, VIAJERO_IDUSUARIO) values (1, 4, 'tempor turpis nec euismod scelerisque quam turpis adipiscing lorem vitae mattis nibh', 1, 16);
insert into RESENAENTITY (id, CALIFICACION, COMENTARIO, HABITACION_ID, VIAJERO_IDUSUARIO) values (2, 3, 'rutrum nulla nunc purus phasellus in felis', 2, 17);
insert into RESENAENTITY (id, CALIFICACION, COMENTARIO, HABITACION_ID, VIAJERO_IDUSUARIO) values (3, 1, 'felis fusce posuere felis sed lacus morbi sem mauris laoreet ut rhoncus aliquet pulvinar sed', 3, 18);
insert into RESENAENTITY (id, CALIFICACION, COMENTARIO, HABITACION_ID, VIAJERO_IDUSUARIO) values (4, 4, 'posuere felis sed', 4, 19);
insert into RESENAENTITY (id, CALIFICACION, COMENTARIO, HABITACION_ID, VIAJERO_IDUSUARIO) values (5, 2, 'quis odio consequat varius integer ac', 5, 20);
insert into RESENAENTITY (id, CALIFICACION, COMENTARIO, HABITACION_ID, VIAJERO_IDUSUARIO) values (6, 2, 'suspendisse potenti cras in purus', 6, 21);
insert into RESENAENTITY (id, CALIFICACION, COMENTARIO, HABITACION_ID, VIAJERO_IDUSUARIO) values (7, 1, 'lobortis est phasellus sit amet erat nulla tempus vivamus in felis eu sapien cursus vestibulum', 7, 22);
insert into RESENAENTITY (id, CALIFICACION, COMENTARIO, HABITACION_ID, VIAJERO_IDUSUARIO) values (8, 1, 'quis lectus suspendisse potenti in', 8, 23);
insert into RESENAENTITY (id, CALIFICACION, COMENTARIO, HABITACION_ID, VIAJERO_IDUSUARIO) values (9, 5, 'sapien varius ut blandit non interdum in ante vestibulum ante ipsum primis in faucibus orci luctus et ultrices', 9, 24);
insert into RESENAENTITY (id, CALIFICACION, COMENTARIO, HABITACION_ID, VIAJERO_IDUSUARIO) values (10, 2, 'proin interdum mauris non ligula pellentesque ultrices phasellus id sapien in', 10, 25);
insert into RESENAENTITY (id, CALIFICACION, COMENTARIO, HABITACION_ID, VIAJERO_IDUSUARIO) values (11, 1, 'quis tortor id nulla ultrices aliquet maecenas leo odio condimentum id', 11, 26);
insert into RESENAENTITY (id, CALIFICACION, COMENTARIO, HABITACION_ID, VIAJERO_IDUSUARIO) values (12, 3, 'in felis eu sapien cursus', 12, 27);
insert into RESENAENTITY (id, CALIFICACION, COMENTARIO, HABITACION_ID, VIAJERO_IDUSUARIO) values (13, 2, 'turpis donec posuere metus vitae ipsum aliquam non mauris morbi', 13, 28);
insert into RESENAENTITY (id, CALIFICACION, COMENTARIO, HABITACION_ID, VIAJERO_IDUSUARIO) values (14, 2, 'est donec odio justo sollicitudin ut suscipit a feugiat et eros vestibulum ac est lacinia nisi venenatis tristique fusce', 14, 29);
insert into RESENAENTITY (id, CALIFICACION, COMENTARIO, HABITACION_ID, VIAJERO_IDUSUARIO) values (15, 4, 'sit amet cursus id turpis integer aliquet massa id lobortis convallis tortor', 15, 30);
