DELETE FROM RESENAENTITY;
DELETE FROM PAGOENTITY;
DELETE FROM DISPONIBILIDADENTITY;
DELETE FROM ,

DELETE FROM HABITACIONENTITY;
DELETE FROM VIVIENDAENTITY;

DELETE FROM ANFITRIONENTITY;
DELETE FROM VIAJEROENTITY;
DELETE FROM USUARIOENTITY;

insert into USUARIOENTITY (idUsuario, imagen, nombre, contrasena, correoElectronico, tipoDocumento, numeroDocumento, direccion, telefono) values (1, 'http://dummyimage.com/335x343.jpg/ff4444/ffffff', 'Lillian Fowler',  'oWuOQCWL', 'lfowler0@cdc.gov', 'Yabrūd', '6304028405010839248', '1627 Dryden Circle', '963-(515)512-6540');
insert into USUARIOENTITY (idUsuario, imagen, nombre, contrasena, correoElectronico, tipoDocumento, numeroDocumento, direccion, telefono) values (2, 'http://dummyimage.com/354x403.bmp/ff4444/ffffff', 'Debra Hart', 'UR874h', 'dhart1@delicious.com', 'Communal', '3562116852444239', '031 Norway Maple Court', '63-(434)680-2453');
insert into USUARIOENTITY (idUsuario, imagen, nombre, contrasena, correoElectronico, tipoDocumento, numeroDocumento, direccion, telefono) values (3, 'http://dummyimage.com/470x322.bmp/ff4444/ffffff', 'Louise Gonzalez', 'NHtjqTsJUKc', 'lgonzalez2@hud.gov', 'Qaţanah', '201444903251970', '82207 Londonderry Hill', '970-(725)406-0730');
insert into USUARIOENTITY (idUsuario, imagen, nombre, contrasena, correoElectronico, tipoDocumento, numeroDocumento, direccion, telefono) values (4, 'http://dummyimage.com/324x458.png/ff4444/ffffff', 'Mark Myers', 'ifzvu471Eo', 'mmyers3@phpbb.com', 'Yayao', '3568639653907207', '52590 Kenwood Alley', '86-(728)554-5877');
insert into USUARIOENTITY (idUsuario, imagen, nombre, contrasena, correoElectronico, tipoDocumento, numeroDocumento, direccion, telefono) values (5, 'http://dummyimage.com/362x358.png/cc0000/ffffff', 'Paul Chavez', 'Ikso4naCu', 'pchavez4@unblog.fr', 'San Francisco', '5602225908015167704', '67982 Corben Center', '57-(185)300-4046');
insert into USUARIOENTITY (idUsuario, imagen, nombre, contrasena, correoElectronico, tipoDocumento, numeroDocumento, direccion, telefono) values (6, 'http://dummyimage.com/385x495.jpg/5fa2dd/ffffff', 'Wayne Ray', 'Cku7MTzoeH8', 'wray5@harvard.edu', 'Wa’erma', '6761651854368232164', '3 Talisman Lane', '86-(288)148-3859');
insert into USUARIOENTITY (idUsuario, imagen, nombre, contrasena, correoElectronico, tipoDocumento, numeroDocumento, direccion, telefono) values (7, 'http://dummyimage.com/481x449.bmp/cc0000/ffffff', 'Mark Jenkins', '5e9bBcYgv2H', 'mjenkins6@baidu.com', 'Malaga', '3538706262817916', '7832 Longview Place', '34-(775)566-5151');
insert into USUARIOENTITY (idUsuario, imagen, nombre, contrasena, correoElectronico, tipoDocumento, numeroDocumento, direccion, telefono) values (8, 'http://dummyimage.com/447x401.jpg/ff4444/ffffff', 'Carlos Reed', 'sd5lUwHi', 'creed7@mashable.com', 'Petro-Slavyanka', '3553738888347382', '561 Morrow Plaza', '7-(978)151-9092');
insert into USUARIOENTITY (idUsuario, imagen, nombre, contrasena, correoElectronico, tipoDocumento, numeroDocumento, direccion, telefono) values (9, 'http://dummyimage.com/360x329.bmp/ff4444/ffffff', 'Christina Weaver', 'lVoxghA5C3V', 'cweaver8@etsy.com', 'Qingjiang', '3538038523109457', '84212 Granby Drive', '86-(258)101-8330');
insert into USUARIOENTITY (idUsuario, imagen, nombre, contrasena, correoElectronico, tipoDocumento, numeroDocumento, direccion, telefono) values (10, 'http://dummyimage.com/438x398.bmp/ff4444/ffffff', 'Bobby Oliver', 'Nl0liKtKEbx', 'boliver9@noaa.gov', 'Kastsyukovichy', '3541323931758334', '42 Talisman Circle', '375-(958)948-7908');
insert into USUARIOENTITY (idUsuario, imagen, nombre, contrasena, correoElectronico, tipoDocumento, numeroDocumento, direccion, telefono) values (11, 'http://dummyimage.com/322x493.png/dddddd/000000', 'Earl Meyer', 'OKjaD9jK', 'emeyera@bbb.org', 'Portariá', '3557906970146600', '05124 Katie Court', '30-(374)799-4907');
insert into USUARIOENTITY (idUsuario, imagen, nombre, contrasena, correoElectronico, tipoDocumento, numeroDocumento, direccion, telefono) values (12, 'http://dummyimage.com/383x404.bmp/dddddd/000000', 'Christopher James', 'kRRazMo', 'cjamesb@simplemachines.org', 'Rentung', '5602249140962881', '5 Eastlawn Place', '62-(188)320-3896');
insert into USUARIOENTITY (idUsuario, imagen, nombre, contrasena, correoElectronico, tipoDocumento, numeroDocumento, direccion, telefono) values (13, 'http://dummyimage.com/405x370.bmp/dddddd/000000', 'Chris Howard', 'D22oYaYgQoDX', 'chowardc@vimeo.com', 'Grand Junction', '3557107518141597', '17 Petterle Drive', '1-(970)407-2663');
insert into USUARIOENTITY (idUsuario, imagen, nombre, contrasena, correoElectronico, tipoDocumento, numeroDocumento, direccion, telefono) values (14, 'http://dummyimage.com/441x459.bmp/dddddd/000000', 'Donald Little', 'hcuknUCn7ED', 'dlittled@purevolume.com', 'Sharïngol', '3547466021230872', '26 Arizona Avenue', '976-(887)534-8160');
insert into USUARIOENTITY (idUsuario, imagen, nombre, contrasena, correoElectronico, tipoDocumento, numeroDocumento, direccion, telefono) values (15, 'http://dummyimage.com/303x414.jpg/5fa2dd/ffffff','Donald Hanson', 'EO8rEWqQri', 'dhansone@jalbum.net', 'Tanda', '67094227250948598', '0 Ruskin Street', '225-(290)301-4945');
insert into ANFITRIONENTITY (idUsuario) values (1);
insert into ANFITRIONENTITY (idUsuario) values (2);
insert into ANFITRIONENTITY (idUsuario) values (3);
insert into ANFITRIONENTITY (idUsuario) values (4);
insert into ANFITRIONENTITY (idUsuario) values (5);
insert into ANFITRIONENTITY (idUsuario) values (6);
insert into ANFITRIONENTITY (idUsuario) values (7);
insert into ANFITRIONENTITY (idUsuario) values (8);
insert into ANFITRIONENTITY (idUsuario) values (9);
insert into ANFITRIONENTITY (idUsuario) values (10);
insert into ANFITRIONENTITY (idUsuario) values (11);
insert into ANFITRIONENTITY (idUsuario) values (12);
insert into ANFITRIONENTITY (idUsuario) values (13);
insert into ANFITRIONENTITY (idUsuario) values (14);
insert into ANFITRIONENTITY (idUsuario) values (15);

insert into USUARIOENTITY (idUsuario, imagen, nombre, contrasena, correoElectronico, tipoDocumento, numeroDocumento, direccion, telefono) values (16, 'https://dummyimage.com/300x300.png/0784D1/ffffff', 'Teresa Cruz', 'uJKo0p0QWF', 'tcruz0@joomla.org', 'Estonian', '190.245.247.27/1', '79 High Crossing Way', '86-(533)824-5686');
insert into USUARIOENTITY (idUsuario, imagen, nombre, contrasena, correoElectronico, tipoDocumento, numeroDocumento, direccion, telefono) values (17, 'https://dummyimage.com/300x300.png/0784D1/ffffff', 'Russell Hill', 'sF66f2', 'rhill1@unicef.org', 'Lao', '119.141.6.183/7', '4 Victoria Alley', '62-(542)206-2685');
insert into USUARIOENTITY (idUsuario, imagen, nombre, contrasena, correoElectronico, tipoDocumento, numeroDocumento, direccion, telefono) values (18, 'https://dummyimage.com/300x300.png/0784D1/ffffff', 'Alan Simpson', '1DBKjFh5xwM', 'asimpson2@shop-pro.jp', 'Guaraní', '187.120.90.71/23', '9969 Monica Parkway', '86-(820)988-3826');
insert into USUARIOENTITY (idUsuario, imagen, nombre, contrasena, correoElectronico, tipoDocumento, numeroDocumento, direccion, telefono) values (19, 'https://dummyimage.com/300x300.png/0784D1/ffffff', 'Ruth Matthews', 'dIXfqw', 'rmatthews3@networksolutions.com', 'Oriya', '31.35.39.216/19', '38009 Leroy Circle', '66-(783)546-8512');
insert into USUARIOENTITY (idUsuario, imagen, nombre, contrasena, correoElectronico, tipoDocumento, numeroDocumento, direccion, telefono) values (20, 'https://dummyimage.com/300x300.png/0784D1/ffffff', 'Shirley Cooper', 'DjDS6BsJc', 'scooper4@google.ru', 'Latvian', '14.236.46.144/19', '2930 Clemons Trail', '86-(375)945-2255');
insert into USUARIOENTITY (idUsuario, imagen, nombre, contrasena, correoElectronico, tipoDocumento, numeroDocumento, direccion, telefono) values (21, 'https://dummyimage.com/300x300.png/0784D1/ffffff', 'Rebecca Sullivan', 'sHA4Zk0VeWdM', 'rsullivan5@toplist.cz', 'Bulgarian', '115.169.133.133/20', '2 Summer Ridge Alley', '62-(717)719-7453');
insert into USUARIOENTITY (idUsuario, imagen, nombre, contrasena, correoElectronico, tipoDocumento, numeroDocumento, direccion, telefono) values (22, 'https://dummyimage.com/300x300.png/0784D1/ffffff', 'Raymond Price', 'sAm0YNJzPSOE', 'rprice6@sitemeter.com', 'Aymara', '140.184.97.243/9', '67598 Springs Drive', '52-(899)995-8755');
insert into USUARIOENTITY (idUsuario, imagen, nombre, contrasena, correoElectronico, tipoDocumento, numeroDocumento, direccion, telefono) values (23, 'https://dummyimage.com/300x300.png/0784D1/ffffff', 'Ronald Foster', 'rJiAWqXt', 'rfoster7@amazon.co.jp', 'German', '35.56.221.12/11', '60764 3rd Alley', '216-(749)539-3383');
insert into USUARIOENTITY (idUsuario, imagen, nombre, contrasena, correoElectronico, tipoDocumento, numeroDocumento, direccion, telefono) values (24, 'https://dummyimage.com/300x300.png/0784D1/ffffff', 'Jessica Evans', 'QHskf2AeSlp', 'jevans8@shinystat.com', 'Dzongkha', '124.246.161.111/30', '553 Springview Circle', '261-(184)495-1199');
insert into USUARIOENTITY (idUsuario, imagen, nombre, contrasena, correoElectronico, tipoDocumento, numeroDocumento, direccion, telefono) values (25, 'https://dummyimage.com/300x300.png/0784D1/ffffff', 'Brandon Baker', 'IO5wD3SIZy', 'bbaker9@comcast.net', 'Filipino', '7.230.11.33/13', '711 Cascade Parkway', '46-(712)375-2168');
insert into USUARIOENTITY (idUsuario, imagen, nombre, contrasena, correoElectronico, tipoDocumento, numeroDocumento, direccion, telefono) values (26, 'https://dummyimage.com/300x300.png/0784D1/ffffff', 'Louise Baker', 'YtR7cbL', 'lbakera@wikimedia.org', 'Dari', '68.90.181.117/29', '63278 Monument Plaza', '46-(763)886-0386');
insert into USUARIOENTITY (idUsuario, imagen, nombre, contrasena, correoElectronico, tipoDocumento, numeroDocumento, direccion, telefono) values (27, 'https://dummyimage.com/300x300.png/0784D1/ffffff', 'Donna Bailey', 'y7BP44P', 'dbaileyb@paypal.com', 'Portuguese', '71.43.233.244/16', '2 Longview Drive', '993-(699)733-9094');
insert into USUARIOENTITY (idUsuario, imagen, nombre, contrasena, correoElectronico, tipoDocumento, numeroDocumento, direccion, telefono) values (28, 'https://dummyimage.com/300x300.png/0784D1/ffffff', 'Kathryn Morgan', 'b2fn2VyO', 'kmorganc@sourceforge.net', 'Finnish', '42.62.142.224/17', '73 Barnett Point', '86-(113)213-3728');
insert into USUARIOENTITY (idUsuario, imagen, nombre, contrasena, correoElectronico, tipoDocumento, numeroDocumento, direccion, telefono) values (29, 'https://dummyimage.com/300x300.png/0784D1/ffffff', 'Ashley James', 'Tx2549', 'ajamesd@indiatimes.com', 'Punjabi', '15.204.250.212/5', '368 Cascade Avenue', '66-(610)336-5959');
insert into USUARIOENTITY (idUsuario, imagen, nombre, contrasena, correoElectronico, tipoDocumento, numeroDocumento, direccion, telefono) values (30, 'https://dummyimage.com/300x300.png/0784D1/ffffff', 'Billy Harris', 'yhSj6pvq', 'bharrise@gizmodo.com', 'Tok Pisin', '93.252.34.112/17', '585 Sage Point', '86-(612)422-2027');
insert into VIAJEROENTITY (idUsuario) values (16);
insert into VIAJEROENTITY (idUsuario) values (17);
insert into VIAJEROENTITY (idUsuario) values (18);
insert into VIAJEROENTITY (idUsuario) values (19);
insert into VIAJEROENTITY (idUsuario) values (20);
insert into VIAJEROENTITY (idUsuario) values (21);
insert into VIAJEROENTITY (idUsuario) values (22);
insert into VIAJEROENTITY (idUsuario) values (23);
insert into VIAJEROENTITY (idUsuario) values (24);
insert into VIAJEROENTITY (idUsuario) values (25);
insert into VIAJEROENTITY (idUsuario) values (26);
insert into VIAJEROENTITY (idUsuario) values (27);
insert into VIAJEROENTITY (idUsuario) values (28);
insert into VIAJEROENTITY (idUsuario) values (29);
insert into VIAJEROENTITY (idUsuario) values (30);

insert into VIVIENDAENTITY (id, ciudad, direccion, rutaImagen,ANFITRION_IDUSUARIO) values (1, 'Wangcun', '65927 Michigan Alley', 'http://dummyimage.com/101x150.bmp/dddddd/000000',1);
insert into VIVIENDAENTITY (id, ciudad, direccion, rutaImagen,ANFITRION_IDUSUARIO) values (2, 'Rizokárpaso', '82 Shoshone Alley', 'http://dummyimage.com/242x139.jpg/dddddd/000000',2);
insert into VIVIENDAENTITY (id, ciudad, direccion, rutaImagen,ANFITRION_IDUSUARIO) values (3, 'Vingåker', '069 Green Ridge Parkway', 'http://dummyimage.com/221x146.bmp/ff4444/ffffff',3);
insert into VIVIENDAENTITY (id, ciudad, direccion, rutaImagen,ANFITRION_IDUSUARIO) values (4, 'Karobokan', '40 4th Hill', 'http://dummyimage.com/160x234.png/ff4444/ffffff',4);
insert into VIVIENDAENTITY (id, ciudad, direccion, rutaImagen,ANFITRION_IDUSUARIO) values (5, 'Khorostkiv', '4351 Hovde Lane', 'http://dummyimage.com/176x223.jpg/cc0000/ffffff',5);
insert into VIVIENDAENTITY (id, ciudad, direccion, rutaImagen,ANFITRION_IDUSUARIO) values (6, 'União', '774 Coleman Hill', 'http://dummyimage.com/143x225.jpg/5fa2dd/ffffff',6);
insert into VIVIENDAENTITY (id, ciudad, direccion, rutaImagen,ANFITRION_IDUSUARIO) values (7, 'Cilolongokan', '88904 Thierer Circle', 'http://dummyimage.com/140x169.png/ff4444/ffffff',7);
insert into VIVIENDAENTITY (id, ciudad, direccion, rutaImagen,ANFITRION_IDUSUARIO) values (8, 'Mabini', '79 Towne Center', 'http://dummyimage.com/154x221.bmp/dddddd/000000',8);
insert into VIVIENDAENTITY (id, ciudad, direccion, rutaImagen,ANFITRION_IDUSUARIO) values (9, 'Turirejo', '34126 8th Hill', 'http://dummyimage.com/241x124.jpg/cc0000/ffffff',9);
insert into VIVIENDAENTITY (id, ciudad, direccion, rutaImagen,ANFITRION_IDUSUARIO) values (10, 'Palmar de Varela', '4482 Drewry Trail', 'http://dummyimage.com/136x238.bmp/5fa2dd/ffffff',10);
insert into VIVIENDAENTITY (id, ciudad, direccion, rutaImagen,ANFITRION_IDUSUARIO) values (11, 'Yuanjue', '00732 Armistice Hill', 'http://dummyimage.com/186x230.png/cc0000/ffffff',11);
insert into VIVIENDAENTITY (id, ciudad, direccion, rutaImagen,ANFITRION_IDUSUARIO) values (12, 'Sukhinichi', '20 Rigney Road', 'http://dummyimage.com/146x147.jpg/cc0000/ffffff',12);
insert into VIVIENDAENTITY (id, ciudad, direccion, rutaImagen,ANFITRION_IDUSUARIO) values (13, 'Alqueva', '37 Maryland Plaza', 'http://dummyimage.com/112x174.jpg/cc0000/ffffff',13);
insert into VIVIENDAENTITY (id, ciudad, direccion, rutaImagen,ANFITRION_IDUSUARIO) values (14, 'Takikawa', '7 Carey Parkway', 'http://dummyimage.com/142x172.png/5fa2dd/ffffff',14);
insert into VIVIENDAENTITY (id, ciudad, direccion, rutaImagen,ANFITRION_IDUSUARIO) values (15, 'Talitsy', '8 Schurz Park', 'http://dummyimage.com/216x192.bmp/5fa2dd/ffffff',15);

INSERT INTO HABITACIONENTITY (id, area, descripcion, rutaImagen, valorAlquiler, capacidad) VALUES (1, 35.9, 'Leptospiral infect NEC', 'http://dummyimage.com/116x208.jpg/5fa2dd/ffffff', 28.47, 2 )
INSERT INTO HABITACIONENTITY (id, area, descripcion, rutaImagen, valorAlquiler, capacidad) VALUES (2, 31.86, 'Forearm deformity NEC', 'http://dummyimage.com/191x110.png/ff4444/ffffff', 39.35, 10  )
INSERT INTO HABITACIONENTITY (id, area, descripcion, rutaImagen, valorAlquiler, capacidad) VALUES (3,21.21, 'Low birthwt 1500-1999g', 'http://dummyimage.com/167x166.png/dddddd/000000', 13.07, 10 )
INSERT INTO HABITACIONENTITY (id, area, descripcion, rutaImagen, valorAlquiler, capacidad) VALUES (4, 22.59, 'Spina bifida', 'http://dummyimage.com/123x216.bmp/ff4444/ffffff', 31.27, 5)
INSERT INTO HABITACIONENTITY (id, area, descripcion, rutaImagen, valorAlquiler, capacidad) VALUES (5, 18.79, 'Corneal grft malfunction', 'http://dummyimage.com/120x160.jpg/5fa2dd/ffffff', 35.16,6   )
INSERT INTO HABITACIONENTITY (id, area, descripcion, rutaImagen, valorAlquiler, capacidad) VALUES (6, 38.47, 'Fx clavicle shaft-open', 'http://dummyimage.com/148x166.png/cc0000/ffffff', 12.94, 2 )
INSERT INTO HABITACIONENTITY (id, area, descripcion, rutaImagen, valorAlquiler, capacidad) VALUES (7, 37.6, 'Amniotic embolism-deliv', 'http://dummyimage.com/222x142.jpg/dddddd/000000', 34.04, 2  )
INSERT INTO HABITACIONENTITY (id, area, descripcion, rutaImagen, valorAlquiler, capacidad) VALUES (8, 27.5, 'Pois-skin/membr agnt NEC', 'http://dummyimage.com/177x134.bmp/cc0000/ffffff', 29.89, 5 )
INSERT INTO HABITACIONENTITY (id, area, descripcion, rutaImagen, valorAlquiler, capacidad) VALUES (9, 29.12, 'Tenosynov hand/wrist NEC', 'http://dummyimage.com/194x110.bmp/dddddd/000000', 27.79, 6  )
INSERT INTO HABITACIONENTITY (id, area, descripcion, rutaImagen, valorAlquiler, capacidad) VALUES (10, 19.22, 'Opn skul vlt fx w/o coma', 'http://dummyimage.com/222x119.jpg/cc0000/ffffff', 23.24, 8)
INSERT INTO HABITACIONENTITY (id, area, descripcion, rutaImagen, valorAlquiler, capacidad) VALUES (11, 49.78, 'Ac uterine inflammation', 'http://dummyimage.com/199x130.jpg/cc0000/ffffff', 39.10, 3 )
INSERT INTO HABITACIONENTITY (id, area, descripcion, rutaImagen, valorAlquiler, capacidad) VALUES (12, 16.66, 'Acute canaliculitis', 'http://dummyimage.com/244x225.bmp/5fa2dd/ffffff', 26.12, 4  )
INSERT INTO HABITACIONENTITY (id, area, descripcion, rutaImagen, valorAlquiler, capacidad) VALUES (13, 10.05, 'Status amput hand', 'http://dummyimage.com/144x163.bmp/ff4444/ffffff', 39.19, 7  )
INSERT INTO HABITACIONENTITY (id, area, descripcion, rutaImagen, valorAlquiler, capacidad) VALUES (14, 27.58, 'Chr iridocyl in oth dis', 'http://dummyimage.com/121x105.bmp/dddddd/000000', 33.54, 9  )
INSERT INTO HABITACIONENTITY (id, area, descripcion, rutaImagen, valorAlquiler, capacidad) VALUES (15, 40.94, 'Pois-sedative/hypnot NEC', 'http://dummyimage.com/112x209.png/dddddd/000000', 23.72, 2 )



INSERT INTO DISPONIBILIDADENTITY (id, fechaInicioEstadia, fechaTerminacionEstadia, habitacion_id) VALUES (1, '2016-08-10 18:42:07', '2016-09-26 00:57:00', 1)
INSERT INTO DISPONIBILIDADENTITY (id, fechaInicioEstadia, fechaTerminacionEstadia, habitacion_id) VALUES (2, '2016-05-23 12:53:41', '2016-07-25 09:25:16', 2)
INSERT INTO DISPONIBILIDADENTITY (id, fechaInicioEstadia, fechaTerminacionEstadia, habitacion_id) VALUES (3, '2016-10-20 07:18:05', '2016-11-18 12:24:10', 3)
INSERT INTO DISPONIBILIDADENTITY (id, fechaInicioEstadia, fechaTerminacionEstadia, habitacion_id) VALUES (4, '2016-11-09 21:16:19', '2017-03-31 03:11:04', 4)
INSERT INTO DISPONIBILIDADENTITY (id, fechaInicioEstadia, fechaTerminacionEstadia, habitacion_id) VALUES (5, '2016-09-15 18:45:23', '2016-10-01 22:31:27', 5)
INSERT INTO DISPONIBILIDADENTITY (id, fechaInicioEstadia, fechaTerminacionEstadia, habitacion_id) VALUES (6, '2016-05-26 19:14:56', '2016-08-07 07:07:01', 6)
INSERT INTO DISPONIBILIDADENTITY (id, fechaInicioEstadia, fechaTerminacionEstadia, habitacion_id) VALUES (7, '2016-06-13 14:30:50', '2017-01-11 04:14:01', 7)
INSERT INTO DISPONIBILIDADENTITY (id, fechaInicioEstadia, fechaTerminacionEstadia, habitacion_id) VALUES (8, '2016-10-16 01:56:55', '2016-10-31 08:11:42', 8)
INSERT INTO DISPONIBILIDADENTITY (id, fechaInicioEstadia, fechaTerminacionEstadia, habitacion_id) VALUES (9, '2016-06-08 12:51:38', '2017-03-07 08:58:34', 9)
INSERT INTO DISPONIBILIDADENTITY (id, fechaInicioEstadia, fechaTerminacionEstadia, habitacion_id) VALUES (10, '2016-06-16 03:27:59', '2016-10-24 15:16:24', 10)
INSERT INTO DISPONIBILIDADENTITY (id, fechaInicioEstadia, fechaTerminacionEstadia, habitacion_id) VALUES (11, '2016-09-19 13:49:07', '2016-10-26 03:55:54', 11)
INSERT INTO DISPONIBILIDADENTITY (id, fechaInicioEstadia, fechaTerminacionEstadia, habitacion_id) VALUES (12, '2016-07-30 18:34:06', '2016-11-08 09:32:48', 12)
INSERT INTO DISPONIBILIDADENTITY (id, fechaInicioEstadia, fechaTerminacionEstadia, habitacion_id) VALUES (13, '2016-05-26 14:19:18', '2017-01-11 04:29:14', 13)
INSERT INTO DISPONIBILIDADENTITY (id, fechaInicioEstadia, fechaTerminacionEstadia, habitacion_id) VALUES (14, '2016-06-12 04:17:26', '2016-09-15 14:23:23', 14)
INSERT INTO DISPONIBILIDADENTITY (id, fechaInicioEstadia, fechaTerminacionEstadia, habitacion_id) VALUES (15, '2016-05-01 12:43:43', '2016-07-05 07:29:51', 15)

insert into PAGOENTITY (id, fechaDePago, pago, tipoTramite, RESERVA_ID) values (1, '2016-05-02', 8, 'aliquet ultrices erat tortor sollicitudin mi sit amet lobortis sapien',1);
insert into PAGOENTITY (id, fechaDePago, pago, tipoTramite, RESERVA_ID) values (2, '2016-06-30', 30, 'elit ac nulla sed vel enim sit amet nunc viverra dapibus nulla suscipit ligula in',2);
insert into PAGOENTITY (id, fechaDePago, pago, tipoTramite, RESERVA_ID) values (3, '2016-06-06', 59, 'justo in hac habitasse platea dictumst etiam faucibus cursus urna ut tellus nulla ut erat id mauris',3);
insert into PAGOENTITY (id, fechaDePago, pago, tipoTramite, RESERVA_ID) values (4, '2016-12-22', 76, 'nullam varius nulla facilisi cras non velit nec nisi vulputate nonummy maecenas tincidunt lacus at velit',4);
insert into PAGOENTITY (id, fechaDePago, pago, tipoTramite, RESERVA_ID) values (5, '2016-05-31', 39, 'ac est lacinia nisi venenatis tristique fusce congue diam id ornare',5);
insert into PAGOENTITY (id, fechaDePago, pago, tipoTramite, RESERVA_ID) values (6, '2016-12-29', 6, 'commodo placerat praesent blandit nam nulla integer pede justo lacinia eget tincidunt eget tempus vel',6);
insert into PAGOENTITY (id, fechaDePago, pago, tipoTramite, RESERVA_ID) values (7, '2017-02-24', 94, 'imperdiet sapien urna pretium nisl ut volutpat sapien arcu sed augue aliquam erat volutpat in congue etiam justo',7);
insert into PAGOENTITY (id, fechaDePago, pago, tipoTramite, RESERVA_ID) values (8, '2016-07-08', 74, 'ipsum ac tellus semper interdum mauris ullamcorper purus sit amet nulla quisque arcu libero rutrum ac lobortis vel dapibus',8);
insert into PAGOENTITY (id, fechaDePago, pago, tipoTramite, RESERVA_ID) values (9, '2016-07-11', 29, 'odio cras mi pede malesuada in imperdiet et commodo vulputate',9);
insert into PAGOENTITY (id, fechaDePago, pago, tipoTramite, RESERVA_ID) values (10, '2016-12-20', 78, 'pellentesque quisque porta volutpat erat quisque erat eros viverra eget congue',10);
insert into PAGOENTITY (id, fechaDePago, pago, tipoTramite, RESERVA_ID) values (11, '2016-10-20', 82, 'pede venenatis non sodales sed tincidunt eu felis fusce posuere felis sed lacus morbi sem mauris laoreet ut rhoncus',11);
insert into PAGOENTITY (id, fechaDePago, pago, tipoTramite, RESERVA_ID) values (12, '2016-05-06', 50, 'arcu libero rutrum ac lobortis vel dapibus at diam nam tristique tortor eu pede',12);
insert into PAGOENTITY (id, fechaDePago, pago, tipoTramite, RESERVA_ID) values (13, '2016-10-06', 30, 'porttitor lacus at turpis donec posuere metus vitae ipsum aliquam non',13);
insert into PAGOENTITY (id, fechaDePago, pago, tipoTramite, RESERVA_ID) values (14, '2017-01-16', 92, 'risus semper porta volutpat quam pede lobortis ligula sit amet eleifend pede libero',14);
insert into PAGOENTITY (id, fechaDePago, pago, tipoTramite, RESERVA_ID) values (15, '2016-05-28', 77, 'mauris sit amet eros suspendisse accumsan tortor quis turpis sed',15);

insert into RESENAENTITY (id, CALIFICACION, COMENTARIO, HABITACION_ID, VIAJERO_IDUSUARIO) values (1, 4, 'tempor turpis nec euismod scelerisque quam turpis adipiscing lorem vitae mattis nibh', 1, 16);
insert into RESENAENTITY (id, CALIFICACION, COMENTARIO, HABITACION_ID, VIAJERO_IDUSUARIO) values (2, 3, 'rutrum nulla nunc purus phasellus in felis', 2, 17);
insert into RESENAENTITY (id, CALIFICACION, COMENTARIO, HABITACION_ID, VIAJERO_IDUSUARIO) values (3, 1, 'felis fusce posuere felis sed lacus morbi sem mauris laoreet ut rhoncus aliquet pulvinar sed', 3, 18);
insert into RESENAENTITY (id, CALIFICACION, COMENTARIO, HABITACION_ID, VIAJERO_IDUSUARIO) values (4, 4, 'posuere felis sed', 4, 19);
insert into RESENAENTITY (id, CALIFICACION, COMENTARIO, HABITACION_ID, VIAJERO_IDUSUARIO) values (5, 2, 'quis odio consequat varius integer ac', 5, 20);
insert into RESENAENTITY (id, CALIFICACION, COMENTARIO, HABITACION_ID, VIAJERO_IDUSUARIO) values (6, 2, 'suspendisse potenti cras in purus', 6, 21);
insert into RESENAENTITY (id, CALIFICACION, COMENTARIO, HABITACION_ID, VIAJERO_IDUSUARIO) values (7, 1, 'lobortis est phasellus sit amet erat nulla tempus vivamus in felis eu sapien cursus vestibulum', 7, 22);
insert into RESENAENTITY (id, CALIFICACION, COMENTARIO, HABITACION_ID, VIAJERO_IDUSUARIO) values (8, 1, 'quis lectus suspendisse potenti in', 8, 23);
insert into RESENAENTITY (id, CALIFICACION, COMENTARIO, HABITACION_ID, VIAJERO_IDUSUARIO) values (9, 5, 'sapien varius ut blandit non interdum in ante vestibulum ante ipsum primis in faucibus orci luctus et ultrices', 9, 24);
insert into RESENAENTITY (id, CALIFICACION, COMENTARIO, HABITACION_ID, VIAJERO_IDUSUARIO) values (10, 2, 'proin interdum mauris non ligula pellentesque ultrices phasellus id sapien in', 10, 25);
insert into RESENAENTITY (id, CALIFICACION, COMENTARIO, HABITACION_ID, VIAJERO_IDUSUARIO) values (11, 1, 'quis tortor id nulla ultrices aliquet maecenas leo odio condimentum id', 11, 26);
insert into RESENAENTITY (id, CALIFICACION, COMENTARIO, HABITACION_ID, VIAJERO_IDUSUARIO) values (12, 3, 'in felis eu sapien cursus', 12, 27);
insert into RESENAENTITY (id, CALIFICACION, COMENTARIO, HABITACION_ID, VIAJERO_IDUSUARIO) values (13, 2, 'turpis donec posuere metus vitae ipsum aliquam non mauris morbi', 13, 28);
insert into RESENAENTITY (id, CALIFICACION, COMENTARIO, HABITACION_ID, VIAJERO_IDUSUARIO) values (14, 2, 'est donec odio justo sollicitudin ut suscipit a feugiat et eros vestibulum ac est lacinia nisi venenatis tristique fusce', 14, 29);
insert into RESENAENTITY (id, CALIFICACION, COMENTARIO, HABITACION_ID, VIAJERO_IDUSUARIO) values (15, 4, 'sit amet cursus id turpis integer aliquet massa id lobortis convallis tortor', 15, 30);
